Title,Status,Priority,Estimate,Labels,Dependencies,Description
Phase 0 — Migration e setup de banco,todo,,,,,"### Task 0: Migration 0015

**Files:**
- Create: `supabase/migrations/0015_abertura_alteracoes.sql`

- [ ] **Step 1: Escrever a migration**

```sql
-- 0015_abertura_alteracoes.sql
-- Hash canônico dos dados da abertura (detecção de alteração real) +
-- tabela de solicitações de alteração (payload em jsonb, sem duplicar colunas).

ALTER TABLE public.abertura_empresas ADD COLUMN IF NOT EXISTS dados_hash text;

CREATE TABLE IF NOT EXISTS public.abertura_alteracoes (
  id uuid PRIMARY KEY DEFAULT gen_random_uuid(),
  abertura_id uuid NOT NULL REFERENCES public.abertura_empresas(id) ON DELETE CASCADE,
  user_id uuid NOT NULL REFERENCES auth.users(id) ON DELETE CASCADE,
  dados jsonb NOT NULL,
  dados_hash text NOT NULL,
  status varchar(20) NOT NULL DEFAULT 'pendente'
    CHECK (status IN ('pendente','aprovada','rejeitada')),
  observacoes text,
  created_at timestamptz DEFAULT now(),
  updated_at timestamptz DEFAULT now()
);

CREATE TRIGGER abertura_alteracoes_set_updated_at BEFORE UPDATE
  ON public.abertura_alteracoes FOR EACH ROW EXECUTE FUNCTION public.tg_set_updated_at();

ALTER TABLE public.abertura_alteracoes ENABLE ROW LEVEL SECURITY;
CREATE POLICY abertura_alteracoes_owner ON public.abertura_alteracoes FOR ALL
  TO authenticated USING (user_id = auth.uid()) WITH CHECK (user_id = auth.uid());
```

- [ ] **Step 2: Validar sintaxe SQL localmente (leitura)**

Não há banco local; conferir que a migration segue o padrão das anteriores (ex.: `0011_arquivos_auxiliares_fk.sql` usa `tg_set_updated_at`). Não aplicar automaticamente.

- [ ] **Step 3: Commit**

```bash
git add supabase/migrations/0015_abertura_alteracoes.sql
git commit -m ""feat(abertura): migration 0015 — dados_hash + tabela abertura_alteracoes""
```

> ⚠️ **Aplicação manual:** após o merge, rodar esta migration no banco real e criar o bucket
> `abertura-documentos`. Confirmar que `companies.status` aceita `'em_abertura'` (sem CHECK
> restritivo); se houver CHECK, adicionar o valor.

---"
"Phase 1 — Tipos, hash e schema (lógica pura, TDD)",todo,,,,,"### Task 1: Tipos da abertura e config de campos

**Files:**
- Create: `src/types/abertura.ts`

- [ ] **Step 1: Definir tipos e constantes**

```typescript
// src/types/abertura.ts
// Tipos e configuração data-driven do wizard de abertura de empresa.
// Os nomes das chaves espelham EXATAMENTE as colunas de public.abertura_empresas.

export const DOC_KEYS = [
  'doc_rg_frente',
  'doc_rg_verso',
  'doc_cnh_frente',
  'doc_cnh_verso',
  'doc_cpf',
  'doc_comprovante_titular',
  'doc_comprovante_sede',
  'doc_declaracao_uso',
] as const;
export type DocKey = (typeof DOC_KEYS)[number];

export const EMPRESA_TIPOS = ['MEI', 'EI', 'LTDA'] as const;
export const REGIMES = ['MEI', 'Simples Nacional', 'Lucro Presumido', 'Lucro Real'] as const;
export const SEDE_TIPOS = ['Residencial', 'Comercial', 'Virtual'] as const;

// Campos textuais que entram no hash canônico e no raw_json da alteração.
export interface AberturaData {
  // titular
  titular_nome_completo: string;
  titular_cpf: string;
  titular_rg_numero: string;
  titular_rg_orgao_emissor: string;
  titular_rg_uf: string;
  titular_data_nascimento: string; // YYYY-MM-DD
  titular_estado_civil: string;
  titular_nome_mae: string;
  titular_nacionalidade: string;
  titular_telefone: string;
  titular_email: string;
  titular_naturalidade_cidade: string;
  titular_naturalidade_uf: string;
  // endereço titular
  titular_cep: string;
  titular_logradouro: string;
  titular_numero: string;
  titular_complemento: string;
  titular_bairro: string;
  titular_cidade: string;
  titular_uf: string;
  // empresa pretendida
  empresa_razao_social_1: string;
  empresa_razao_social_2: string;
  empresa_razao_social_3: string;
  empresa_nome_fantasia: string;
  empresa_tipo: (typeof EMPRESA_TIPOS)[number] | '';
  empresa_capital_social: string; // numérico como string no form
  empresa_objeto_social: string;
  empresa_cnae_principal: string;
  empresa_cnaes_secundarios: string[];
  empresa_regime_tributario: (typeof REGIMES)[number] | '';
  // sede
  sede_mesmo_que_titular: boolean;
  sede_tipo_endereco: (typeof SEDE_TIPOS)[number] | '';
  sede_cep: string;
  sede_logradouro: string;
  sede_numero: string;
  sede_complemento: string;
  sede_bairro: string;
  sede_cidade: string;
  sede_uf: string;
}

export const ABERTURA_TEXT_FIELDS = [
  'titular_nome_completo','titular_cpf','titular_rg_numero','titular_rg_orgao_emissor',
  'titular_rg_uf','titular_data_nascimento','titular_estado_civil','titular_nome_mae',
  'titular_nacionalidade','titular_telefone','titular_email','titular_naturalidade_cidade',
  'titular_naturalidade_uf','titular_cep','titular_logradouro','titular_numero',
  'titular_complemento','titular_bairro','titular_cidade','titular_uf',
  'empresa_razao_social_1','empresa_razao_social_2','empresa_razao_social_3',
  'empresa_nome_fantasia','empresa_tipo','empresa_capital_social','empresa_objeto_social',
  'empresa_cnae_principal','empresa_cnaes_secundarios','empresa_regime_tributario',
  'sede_mesmo_que_titular','sede_tipo_endereco','sede_cep','sede_logradouro','sede_numero',
  'sede_complemento','sede_bairro','sede_cidade','sede_uf',
] as const satisfies readonly (keyof AberturaData)[];

export const EMPTY_ABERTURA: AberturaData = {
  titular_nome_completo: '', titular_cpf: '', titular_rg_numero: '', titular_rg_orgao_emissor: '',
  titular_rg_uf: '', titular_data_nascimento: '', titular_estado_civil: '', titular_nome_mae: '',
  titular_nacionalidade: 'brasileiro(a)', titular_telefone: '', titular_email: '',
  titular_naturalidade_cidade: '', titular_naturalidade_uf: '',
  titular_cep: '', titular_logradouro: '', titular_numero: '', titular_complemento: '',
  titular_bairro: '', titular_cidade: '', titular_uf: '',
  empresa_razao_social_1: '', empresa_razao_social_2: '', empresa_razao_social_3: '',
  empresa_nome_fantasia: '', empresa_tipo: '', empresa_capital_social: '', empresa_objeto_social: '',
  empresa_cnae_principal: '', empresa_cnaes_secundarios: [], empresa_regime_tributario: '',
  sede_mesmo_que_titular: false, sede_tipo_endereco: '', sede_cep: '', sede_logradouro: '',
  sede_numero: '', sede_complemento: '', sede_bairro: '', sede_cidade: '', sede_uf: '',
};
```

- [ ] **Step 2: Typecheck**

Run: `npm run typecheck`
Expected: sem erros.

- [ ] **Step 3: Commit**

```bash
git add src/types/abertura.ts
git commit -m ""feat(abertura): tipos AberturaData + config de campos/documentos""
```

### Task 2: Hash canônico

**Files:**
- Create: `src/lib/abertura/hash.ts`
- Test: `src/lib/abertura/hash.test.ts`

- [ ] **Step 1: Escrever o teste que falha**

```typescript
// src/lib/abertura/hash.test.ts
import { describe, it, expect } from 'vitest';
import { canonical, dadosHash, sha256File } from './hash';
import { EMPTY_ABERTURA } from '@/types/abertura';

describe('canonical / dadosHash', () => {
  it('é estável independente da ordem de inserção das chaves dos docs', () => {
    const data = { ...EMPTY_ABERTURA, titular_nome_completo: 'Ana' };
    const a = canonical(data, { doc_rg_frente: 'h1', doc_cpf: 'h2' });
    const b = canonical(data, { doc_cpf: 'h2', doc_rg_frente: 'h1' });
    expect(dadosHash(a)).toBe(dadosHash(b));
  });

  it('muda o hash quando um campo textual muda', () => {
    const base = dadosHash(canonical({ ...EMPTY_ABERTURA, titular_nome_completo: 'Ana' }, {}));
    const alt = dadosHash(canonical({ ...EMPTY_ABERTURA, titular_nome_completo: 'Bia' }, {}));
    expect(base).not.toBe(alt);
  });

  it('muda o hash quando um content-hash de documento muda', () => {
    const base = dadosHash(canonical(EMPTY_ABERTURA, { doc_cpf: 'h1' }));
    const alt = dadosHash(canonical(EMPTY_ABERTURA, { doc_cpf: 'h2' }));
    expect(base).not.toBe(alt);
  });

  it('normaliza arrays (ordem estável) e trim de strings', () => {
    const a = dadosHash(canonical({ ...EMPTY_ABERTURA, empresa_cnaes_secundarios: ['b', 'a'] }, {}));
    const b = dadosHash(canonical({ ...EMPTY_ABERTURA, empresa_cnaes_secundarios: ['a', 'b'] }, {}));
    expect(a).toBe(b);
  });

  it('sha256File devolve hex determinístico', () => {
    expect(sha256File(Buffer.from('abc'))).toBe(sha256File(Buffer.from('abc')));
    expect(sha256File(Buffer.from('abc'))).not.toBe(sha256File(Buffer.from('abd')));
  });
});
```

- [ ] **Step 2: Rodar e ver falhar**

Run: `npx vitest run src/lib/abertura/hash.test.ts`
Expected: FAIL (""Cannot find module './hash'"").

- [ ] **Step 3: Implementar**

```typescript
// src/lib/abertura/hash.ts
import { createHash } from 'node:crypto';
import { ABERTURA_TEXT_FIELDS, DOC_KEYS, type AberturaData, type DocKey } from '@/types/abertura';

export type CanonicalObject = { fields: Record<string, unknown>; docs: Record<string, string | null> };

function normalizeValue(v: unknown): unknown {
  if (Array.isArray(v)) return [...v].map(String).map((s) => s.trim()).sort();
  if (typeof v === 'string') return v.trim();
  return v;
}

/** Monta o objeto canônico (chaves ordenadas) a partir dos dados + content-hash dos docs. */
export function canonical(data: AberturaData, docHashes: Partial<Record<DocKey, string>>): CanonicalObject {
  const fields: Record<string, unknown> = {};
  for (const k of [...ABERTURA_TEXT_FIELDS].sort()) {
    fields[k] = normalizeValue((data as Record<string, unknown>)[k]);
  }
  const docs: Record<string, string | null> = {};
  for (const k of [...DOC_KEYS].sort()) docs[k] = docHashes[k] ?? null;
  return { fields, docs };
}

export function dadosHash(c: CanonicalObject): string {
  return createHash('sha256').update(JSON.stringify(c)).digest('hex');
}

export function sha256File(bytes: Buffer | Uint8Array): string {
  return createHash('sha256').update(bytes).digest('hex');
}
```

- [ ] **Step 4: Rodar e ver passar**

Run: `npx vitest run src/lib/abertura/hash.test.ts`
Expected: PASS (5 testes).

- [ ] **Step 5: Commit**

```bash
git add src/lib/abertura/hash.ts src/lib/abertura/hash.test.ts
git commit -m ""feat(abertura): hash canônico de dados + documentos""
```

### Task 3: Zod schema da abertura

**Files:**
- Modify: `src/types/zod.ts` (adicionar `AberturaCreateSchema` ao final)
- Test: `src/types/zod.test.ts` (adicionar describe novo)

- [ ] **Step 1: Escrever os testes que falham**

Adicionar ao final de `src/types/zod.test.ts`:

```typescript
import { AberturaCreateSchema } from './zod';
import { EMPTY_ABERTURA } from '@/types/abertura';

describe('AberturaCreateSchema', () => {
  const valid = {
    ...EMPTY_ABERTURA,
    titular_nome_completo: 'Ana Souza',
    titular_cpf: '52998224725', // CPF válido
    empresa_razao_social_1: 'Ana Souza ME',
    empresa_tipo: 'MEI',
    empresa_regime_tributario: 'MEI',
    sede_tipo_endereco: 'Residencial',
  };

  it('aceita um payload mínimo válido', () => {
    expect(AberturaCreateSchema.safeParse(valid).success).toBe(true);
  });

  it('rejeita CPF inválido', () => {
    expect(AberturaCreateSchema.safeParse({ ...valid, titular_cpf: '11111111111' }).success).toBe(false);
  });

  it('rejeita empresa_tipo fora do enum', () => {
    expect(AberturaCreateSchema.safeParse({ ...valid, empresa_tipo: 'SA' }).success).toBe(false);
  });

  it('exige razão social 1 e nome do titular', () => {
    expect(AberturaCreateSchema.safeParse({ ...valid, empresa_razao_social_1: '' }).success).toBe(false);
    expect(AberturaCreateSchema.safeParse({ ...valid, titular_nome_completo: '' }).success).toBe(false);
  });
});
```

- [ ] **Step 2: Rodar e ver falhar**

Run: `npx vitest run src/types/zod.test.ts`
Expected: FAIL (""AberturaCreateSchema is not exported"").

- [ ] **Step 3: Implementar o schema**

Verificar se `src/types/zod.ts` já exporta um validador de CPF (`isValidCpf`). Se existir, reutilizar; se não, adicionar (mesmo padrão do `isValidCnpj` já presente). Adicionar ao final de `src/types/zod.ts`:

```typescript
import { EMPRESA_TIPOS, REGIMES, SEDE_TIPOS } from '@/types/abertura';

// Validador de CPF (reutiliza isValidCpf se já existir no arquivo; senão, define aqui).
export function isValidCpf(cpf: string): boolean {
  const c = cpf.replace(/\D/g, '');
  if (c.length !== 11 || /^(\d)\1{10}$/.test(c)) return false;
  const calc = (len: number) => {
    let sum = 0;
    for (let i = 0; i < len; i++) sum += Number(c[i]) * (len + 1 - i);
    const d = (sum * 10) % 11;
    return d === 10 ? 0 : d;
  };
  return calc(9) === Number(c[9]) && calc(10) === Number(c[10]);
}

export const AberturaCreateSchema = z.object({
  titular_nome_completo: z.string().trim().min(1, 'Informe o nome completo do titular.'),
  titular_cpf: z.string().refine((v) => isValidCpf(v), 'CPF inválido.'),
  empresa_razao_social_1: z.string().trim().min(1, 'Informe ao menos a 1ª opção de razão social.'),
  empresa_tipo: z.enum(EMPRESA_TIPOS, { errorMap: () => ({ message: 'Selecione o tipo de empresa.' }) }),
  empresa_regime_tributario: z.enum(REGIMES, { errorMap: () => ({ message: 'Selecione o regime.' }) }),
  sede_tipo_endereco: z.enum(SEDE_TIPOS, { errorMap: () => ({ message: 'Selecione o tipo de endereço da sede.' }) }),
}).passthrough(); // demais campos são opcionais e passam direto pro insert
```

> Nota: se `isValidCpf` já estiver definido no arquivo, NÃO redefinir — apenas usar.

- [ ] **Step 4: Rodar e ver passar**

Run: `npx vitest run src/types/zod.test.ts`
Expected: PASS.

- [ ] **Step 5: Commit**

```bash
git add src/types/zod.ts src/types/zod.test.ts
git commit -m ""feat(abertura): AberturaCreateSchema com validações de enum e CPF""
```

---"
Phase 2 — Storage genérico,todo,,,,,"### Task 4: Generalizar upload e helper de documento

**Files:**
- Modify: `src/lib/clients/supabase-storage.ts`

- [ ] **Step 1: Adicionar função genérica e helper de documento**

Manter `uploadCertificado` (não quebrar o cert). Adicionar ao final:

```typescript
const BUCKET_ABERTURA = 'abertura-documentos';

/** Upload genérico para qualquer bucket privado, com o admin client (ignora RLS). */
export async function uploadToBucket(
  bucket: string,
  path: string,
  file: ArrayBuffer | Buffer,
  contentType = 'application/octet-stream',
): Promise<{ path: string }> {
  const data: Buffer = Buffer.isBuffer(file) ? file : Buffer.from(new Uint8Array(file));
  const { error } = await admin().storage.from(bucket).upload(path, data, { contentType, upsert: true });
  if (error) throw new Error(`Supabase Storage upload falhou: ${error.message}`);
  return { path };
}

/** Lê os bytes de um arquivo do bucket (para recomputar content-hash na alteração). */
export async function downloadFromBucket(bucket: string, path: string): Promise<Buffer> {
  const { data, error } = await admin().storage.from(bucket).download(path);
  if (error || !data) throw new Error(`Supabase Storage download falhou: ${error?.message ?? 'sem dados'}`);
  return Buffer.from(await data.arrayBuffer());
}

/** Sobe um documento de abertura em `${scopeId}/${fileName}` no bucket de abertura. */
export async function uploadAberturaDoc(
  scopeId: string,
  fileName: string,
  file: ArrayBuffer | Buffer,
  contentType: string,
): Promise<{ path: string }> {
  if (!scopeId) throw new Error('scopeId obrigatório');
  return uploadToBucket(BUCKET_ABERTURA, `${scopeId}/${fileName}`, file, contentType);
}

export const ABERTURA_BUCKET = BUCKET_ABERTURA;
```

> Refator opcional (DRY): reescrever `uploadCertificado` para delegar a `uploadToBucket('company-certificates', ...)`. Só fazer se não alterar comportamento; caso contrário, deixar como está.

- [ ] **Step 2: Typecheck**

Run: `npm run typecheck`
Expected: sem erros.

- [ ] **Step 3: Commit**

```bash
git add src/lib/clients/supabase-storage.ts
git commit -m ""feat(storage): uploadToBucket/downloadFromBucket + uploadAberturaDoc""
```

---"
Phase 3 — Roteamento e tela de seleção,todo,,,,,"### Task 5: Layout do grupo (onboarding)

**Files:**
- Create: `src/app/(onboarding)/layout.tsx`

- [ ] **Step 1: Criar o layout auth-only**

```tsx
// src/app/(onboarding)/layout.tsx
// Layout do onboarding: exige login mas NÃO exige current_company (senão o gate
// do (auth) e este se chocariam). Sem MenuLateral — chrome mínimo, card centrado.
import { redirect } from 'next/navigation';
import { createServerClient } from '@/lib/supabase/server';

export default async function OnboardingLayout({ children }: { children: React.ReactNode }) {
  const supabase = await createServerClient();
  const { data: { user } } = await supabase.auth.getUser();
  if (!user) redirect('/login');
  return (
    <main className=""min-h-screen flex items-center justify-center bg-background px-4 py-10"">
      {children}
    </main>
  );
}
```

- [ ] **Step 2: Typecheck + commit**

```bash
npm run typecheck
git add ""src/app/(onboarding)/layout.tsx""
git commit -m ""feat(onboarding): layout auth-only do grupo (onboarding)""
```

### Task 6: Tela de seleção

**Files:**
- Create: `src/app/(onboarding)/onboarding/page.tsx`

- [ ] **Step 1: Criar a página de seleção**

```tsx
// src/app/(onboarding)/onboarding/page.tsx
'use client';
import { useState } from 'react';
import { useRouter } from 'next/navigation';
import Logo from '@/components/Logo';
import CreateCompanyDialog from '@/components/CreateCompanyDialog';

export default function OnboardingPage() {
  const router = useRouter();
  const [showExisting, setShowExisting] = useState(false);

  return (
    <div className=""w-full max-w-xl"">
      <div className=""flex flex-col items-center mb-8"">
        <Logo size={44} className=""mb-3"" />
        <h1 className=""text-lg font-semibold text-foreground"">Vamos começar</h1>
        <p className=""text-sm text-muted-foreground mt-1"">Como você quer adicionar sua empresa?</p>
      </div>

      <div className=""grid sm:grid-cols-2 gap-4"">
        <button
          type=""button""
          onClick={() => setShowExisting(true)}
          className=""text-left rounded-2xl border border-border bg-surface p-6 hover:border-primary transition""
        >
          <h2 className=""font-medium text-foreground mb-1"">Já tenho uma empresa</h2>
          <p className=""text-sm text-muted-foreground"">Tenho CNPJ ativo e quero conectá-la à plataforma.</p>
        </button>

        <button
          type=""button""
          onClick={() => router.push('/onboarding/abertura')}
          className=""text-left rounded-2xl border border-border bg-surface p-6 hover:border-primary transition""
        >
          <h2 className=""font-medium text-foreground mb-1"">Quero abrir uma empresa</h2>
          <p className=""text-sm text-muted-foreground"">Ainda não tenho CNPJ. Solicitar a abertura.</p>
        </button>
      </div>

      {showExisting && (
        <CreateCompanyDialog open onClose={() => setShowExisting(false)} onCreated={() => router.push('/')} />
      )}
    </div>
  );
}
```

- [ ] **Step 2: Conferir a API do CreateCompanyDialog**

Ler `src/components/CreateCompanyDialog.tsx` e ajustar os props usados acima (`open`, `onClose`, `onCreated`) aos reais. Se o dialog hoje só aceita `open`/`forceCreate` e fecha sozinho via revalidate, adaptar: passar `forceCreate={false}` e, no callback de sucesso, `router.push('/')`. Se não houver callback de sucesso, adicionar um prop opcional `onCreated?: () => void` ao dialog (chamado após `createCompanyAction` retornar `ok`).

- [ ] **Step 3: Verificação manual**

Run: app em dev → visitar `/onboarding` logado. Esperar: 2 cards; ""Já tenho empresa"" abre o dialog; ""Quero abrir"" navega para `/onboarding/abertura` (404 até a Task 8 — ok).

- [ ] **Step 4: Commit**

```bash
git add ""src/app/(onboarding)/onboarding/page.tsx"" src/components/CreateCompanyDialog.tsx
git commit -m ""feat(onboarding): tela de seleção (empresa existente vs abertura)""
```

### Task 7: Redirecionar o gate do (auth) para /onboarding

**Files:**
- Modify: `src/app/(auth)/layout.tsx`

- [ ] **Step 1: Trocar o modal por redirect**

Substituir o bloco que renderiza `<CreateCompanyDialog open forceCreate>` por um redirect, e remover o import do dialog:

```tsx
// remover: import CreateCompanyDialog from '@/components/CreateCompanyDialog';

  const needsOnboarding = !profile?.current_company;
  if (needsOnboarding) redirect('/onboarding');
```

E remover o `{needsOnboarding && (<CreateCompanyDialog .../>)}` do JSX retornado.

- [ ] **Step 2: Verificação manual**

Run: dev. Com user sem empresa, qualquer rota `(auth)` (ex.: `/`) deve redirecionar para `/onboarding`. Com user com empresa, segue normal. Confirmar que NÃO há loop de redirect.

- [ ] **Step 3: Commit**

```bash
git add ""src/app/(auth)/layout.tsx""
git commit -m ""feat(onboarding): (auth) redireciona p/ /onboarding quando sem empresa""
```

---"
Phase 4 — Wizard de abertura (UI),todo,,,,,"### Task 8: Componente ConfirmacaoEnvioDialog

**Files:**
- Create: `src/components/abertura/ConfirmacaoEnvioDialog.tsx`

- [ ] **Step 1: Criar o dialog de confirmação**

```tsx
// src/components/abertura/ConfirmacaoEnvioDialog.tsx
'use client';

export default function ConfirmacaoEnvioDialog({
  open, mode, pending, onConfirm, onCancel,
}: {
  open: boolean;
  mode: 'criar' | 'alterar';
  pending: boolean;
  onConfirm: () => void;
  onCancel: () => void;
}) {
  if (!open) return null;
  const msg = mode === 'criar'
    ? 'Atenção: após o envio, as informações só poderão ser alteradas mediante solicitação de alteração. Deseja enviar a solicitação de abertura?'
    : 'Sua solicitação de alteração será enviada para análise. Deseja continuar?';
  return (
    <div className=""fixed inset-0 z-50 flex items-center justify-center bg-black/40 px-4"">
      <div className=""bg-surface rounded-2xl border border-border p-6 max-w-md w-full"">
        <h2 className=""font-semibold text-foreground mb-2"">Confirmar envio</h2>
        <p className=""text-sm text-muted-foreground mb-6"">{msg}</p>
        <div className=""flex justify-end gap-2"">
          <button type=""button"" onClick={onCancel} disabled={pending}
            className=""px-4 py-2 text-sm rounded-lg border border-border text-foreground hover:bg-surface-2 disabled:opacity-60"">
            Cancelar
          </button>
          <button type=""button"" onClick={onConfirm} disabled={pending}
            className=""px-4 py-2 text-sm rounded-lg bg-primary text-white hover:opacity-90 disabled:opacity-60"">
            {pending ? 'Enviando…' : 'Confirmar'}
          </button>
        </div>
      </div>
    </div>
  );
}
```

- [ ] **Step 2: Typecheck + commit**

```bash
npm run typecheck
git add ""src/components/abertura/ConfirmacaoEnvioDialog.tsx""
git commit -m ""feat(abertura): dialog de confirmação de envio (criar/alterar)""
```

### Task 9: AberturaWizard (estrutura data-driven, 5 etapas)

**Files:**
- Create: `src/components/abertura/AberturaWizard.tsx`

- [ ] **Step 1: Implementar o wizard**

Componente client controlado por config de etapas. Recebe `mode`, `initial`, `existingDocs`, e um `action` (server action) injetado pela page. Estrutura:

```tsx
// src/components/abertura/AberturaWizard.tsx
'use client';
import { useState } from 'react';
import { EMPTY_ABERTURA, DOC_KEYS, EMPRESA_TIPOS, REGIMES, SEDE_TIPOS,
  type AberturaData, type DocKey } from '@/types/abertura';
import ConfirmacaoEnvioDialog from './ConfirmacaoEnvioDialog';

type StepField =
  | { kind: 'text' | 'date' | 'email' | 'tel'; name: keyof AberturaData; label: string; required?: boolean }
  | { kind: 'select'; name: keyof AberturaData; label: string; options: readonly string[]; required?: boolean }
  | { kind: 'csv'; name: 'empresa_cnaes_secundarios'; label: string }
  | { kind: 'checkbox'; name: keyof AberturaData; label: string }
  | { kind: 'cep'; name: keyof AberturaData; label: string };

const STEPS: { title: string; fields: StepField[] }[] = [
  { title: 'Titular', fields: [
    { kind: 'text', name: 'titular_nome_completo', label: 'Nome completo', required: true },
    { kind: 'text', name: 'titular_cpf', label: 'CPF', required: true },
    { kind: 'text', name: 'titular_rg_numero', label: 'RG' },
    { kind: 'text', name: 'titular_rg_orgao_emissor', label: 'Órgão emissor' },
    { kind: 'text', name: 'titular_rg_uf', label: 'UF do RG' },
    { kind: 'date', name: 'titular_data_nascimento', label: 'Data de nascimento' },
    { kind: 'text', name: 'titular_estado_civil', label: 'Estado civil' },
    { kind: 'text', name: 'titular_nome_mae', label: 'Nome da mãe' },
    { kind: 'text', name: 'titular_nacionalidade', label: 'Nacionalidade' },
    { kind: 'tel', name: 'titular_telefone', label: 'Telefone' },
    { kind: 'email', name: 'titular_email', label: 'E-mail' },
    { kind: 'text', name: 'titular_naturalidade_cidade', label: 'Naturalidade (cidade)' },
    { kind: 'text', name: 'titular_naturalidade_uf', label: 'Naturalidade (UF)' },
  ]},
  { title: 'Endereço do titular', fields: [
    { kind: 'cep', name: 'titular_cep', label: 'CEP' },
    { kind: 'text', name: 'titular_logradouro', label: 'Logradouro' },
    { kind: 'text', name: 'titular_numero', label: 'Número' },
    { kind: 'text', name: 'titular_complemento', label: 'Complemento' },
    { kind: 'text', name: 'titular_bairro', label: 'Bairro' },
    { kind: 'text', name: 'titular_cidade', label: 'Cidade' },
    { kind: 'text', name: 'titular_uf', label: 'UF' },
  ]},
  { title: 'Empresa pretendida', fields: [
    { kind: 'text', name: 'empresa_razao_social_1', label: 'Razão social (opção 1)', required: true },
    { kind: 'text', name: 'empresa_razao_social_2', label: 'Razão social (opção 2)' },
    { kind: 'text', name: 'empresa_razao_social_3', label: 'Razão social (opção 3)' },
    { kind: 'text', name: 'empresa_nome_fantasia', label: 'Nome fantasia' },
    { kind: 'select', name: 'empresa_tipo', label: 'Tipo', options: EMPRESA_TIPOS, required: true },
    { kind: 'text', name: 'empresa_capital_social', label: 'Capital social (R$)' },
    { kind: 'text', name: 'empresa_objeto_social', label: 'Objeto social' },
    { kind: 'text', name: 'empresa_cnae_principal', label: 'CNAE principal (código)' },
    { kind: 'csv', name: 'empresa_cnaes_secundarios', label: 'CNAEs secundários (separados por vírgula)' },
    { kind: 'select', name: 'empresa_regime_tributario', label: 'Regime tributário', options: REGIMES, required: true },
  ]},
  { title: 'Sede', fields: [
    { kind: 'checkbox', name: 'sede_mesmo_que_titular', label: 'Mesmo endereço do titular' },
    { kind: 'select', name: 'sede_tipo_endereco', label: 'Tipo de endereço', options: SEDE_TIPOS, required: true },
    { kind: 'cep', name: 'sede_cep', label: 'CEP' },
    { kind: 'text', name: 'sede_logradouro', label: 'Logradouro' },
    { kind: 'text', name: 'sede_numero', label: 'Número' },
    { kind: 'text', name: 'sede_complemento', label: 'Complemento' },
    { kind: 'text', name: 'sede_bairro', label: 'Bairro' },
    { kind: 'text', name: 'sede_cidade', label: 'Cidade' },
    { kind: 'text', name: 'sede_uf', label: 'UF' },
  ]},
  { title: 'Documentos', fields: [] }, // etapa especial: uploads (DOC_KEYS)
];

export default function AberturaWizard({
  mode, initial, existingDocs, action,
}: {
  mode: 'criar' | 'alterar';
  initial?: AberturaData;
  existingDocs?: Partial<Record<DocKey, string>>;
  action: (fd: FormData) => Promise<{ ok: true } | { ok: false; error: string }>;
}) {
  const [data, setData] = useState<AberturaData>(initial ?? EMPTY_ABERTURA);
  const [files, setFiles] = useState<Partial<Record<DocKey, File>>>({});
  const [step, setStep] = useState(0);
  const [error, setError] = useState<string | null>(null);
  const [confirm, setConfirm] = useState(false);
  const [pending, setPending] = useState(false);

  function set<K extends keyof AberturaData>(name: K, value: AberturaData[K]) {
    setData((d) => ({ ...d, [name]: value }));
  }

  // ""mesmo que titular"": ao marcar, copia o endereço do titular para a sede.
  function toggleSedeMesmo(checked: boolean) {
    set('sede_mesmo_que_titular', checked);
    if (checked) {
      setData((d) => ({ ...d,
        sede_cep: d.titular_cep, sede_logradouro: d.titular_logradouro, sede_numero: d.titular_numero,
        sede_complemento: d.titular_complemento, sede_bairro: d.titular_bairro,
        sede_cidade: d.titular_cidade, sede_uf: d.titular_uf }));
    }
  }

  async function buscarCep(field: 'titular' | 'sede') {
    const cep = field === 'titular' ? data.titular_cep : data.sede_cep;
    const { lookupCepAction } = await import('@/app/(auth)/onboarding/actions');
    const res = await lookupCepAction(cep);
    if (res.ok) {
      const c = res.data;
      if (field === 'titular') setData((d) => ({ ...d, titular_logradouro: c.logradouro ?? d.titular_logradouro, titular_bairro: c.bairro ?? d.titular_bairro, titular_cidade: c.municipio ?? d.titular_cidade, titular_uf: c.uf ?? d.titular_uf }));
      else setData((d) => ({ ...d, sede_logradouro: c.logradouro ?? d.sede_logradouro, sede_bairro: c.bairro ?? d.sede_bairro, sede_cidade: c.municipio ?? d.sede_cidade, sede_uf: c.uf ?? d.sede_uf }));
    }
  }

  function next() {
    // validação leve por etapa: campos required preenchidos
    const required = STEPS[step].fields.filter((f) => 'required' in f && f.required);
    for (const f of required) {
      if (!String((data as Record<string, unknown>)[f.name] ?? '').trim()) {
        setError(`Preencha: ${f.label}`); return;
      }
    }
    setError(null);
    setStep((s) => Math.min(s + 1, STEPS.length - 1));
  }

  async function doSubmit() {
    setPending(true); setError(null);
    const fd = new FormData();
    for (const [k, v] of Object.entries(data)) {
      fd.append(k, Array.isArray(v) ? v.join(',') : String(v));
    }
    for (const k of DOC_KEYS) { const f = files[k]; if (f) fd.append(k, f); }
    const res = await action(fd);
    setPending(false);
    if (!res.ok) { setConfirm(false); setError(res.error); }
    // sucesso → a action faz redirect; nada a fazer aqui.
  }

  const isLast = step === STEPS.length - 1;

  return (
    <div className=""w-full max-w-2xl bg-surface rounded-2xl border border-border p-6"">
      <div className=""flex items-center justify-between mb-6"">
        <h1 className=""font-semibold text-foreground"">
          {mode === 'criar' ? 'Abertura de empresa' : 'Solicitar alteração'} — {STEPS[step].title}
        </h1>
        <span className=""text-xs text-muted-foreground"">Etapa {step + 1}/{STEPS.length}</span>
      </div>

      <div className=""grid sm:grid-cols-2 gap-4"">
        {!isLast && STEPS[step].fields.map((f) => (
          <Field key={String(f.name)} f={f} data={data} set={set}
            onCep={f.kind === 'cep' ? () => buscarCep(f.name === 'sede_cep' ? 'sede' : 'titular') : undefined}
            onToggleSede={f.name === 'sede_mesmo_que_titular' ? toggleSedeMesmo : undefined} />
        ))}
        {isLast && DOC_KEYS.map((k) => (
          <label key={k} className=""text-sm text-muted-foreground-2"">
            {docLabel(k)}
            {existingDocs?.[k] && <span className=""ml-2 text-xs text-muted-foreground"">(enviado)</span>}
            <input type=""file"" className=""mt-1 block w-full text-sm""
              onChange={(e) => setFiles((s) => ({ ...s, [k]: e.target.files?.[0] }))} />
          </label>
        ))}
      </div>

      {error && <p className=""mt-4 text-sm text-destructive"">{error}</p>}

      <div className=""mt-6 flex justify-between"">
        <button type=""button"" disabled={step === 0} onClick={() => setStep((s) => s - 1)}
          className=""px-4 py-2 text-sm rounded-lg border border-border disabled:opacity-50"">Voltar</button>
        {!isLast
          ? <button type=""button"" onClick={next} className=""px-4 py-2 text-sm rounded-lg bg-primary text-white"">Avançar</button>
          : <button type=""button"" onClick={() => setConfirm(true)} className=""px-4 py-2 text-sm rounded-lg bg-primary text-white"">Enviar</button>}
      </div>

      <ConfirmacaoEnvioDialog open={confirm} mode={mode} pending={pending}
        onConfirm={doSubmit} onCancel={() => setConfirm(false)} />
    </div>
  );
}

function docLabel(k: DocKey): string {
  const map: Record<DocKey, string> = {
    doc_rg_frente: 'RG (frente)', doc_rg_verso: 'RG (verso)', doc_cnh_frente: 'CNH (frente)',
    doc_cnh_verso: 'CNH (verso)', doc_cpf: 'CPF', doc_comprovante_titular: 'Comprovante (titular)',
    doc_comprovante_sede: 'Comprovante (sede)', doc_declaracao_uso: 'Declaração de uso',
  };
  return map[k];
}

// Renderizador genérico de campo
function Field({ f, data, set, onCep, onToggleSede }: any) {
  const cls = 'w-full rounded-lg border border-border bg-surface-2 text-foreground px-3 py-2 text-sm focus:outline-none focus:ring-2 focus:ring-primary';
  const v = (data as Record<string, unknown>)[f.name];
  if (f.kind === 'checkbox') return (
    <label className=""flex items-center gap-2 text-sm text-muted-foreground-2"">
      <input type=""checkbox"" checked={!!v} onChange={(e) => (onToggleSede ?? ((x: boolean) => set(f.name, x)))(e.target.checked)} /> {f.label}
    </label>
  );
  if (f.kind === 'select') return (
    <label className=""text-sm text-muted-foreground-2"">{f.label}{f.required && ' *'}
      <select value={String(v ?? '')} onChange={(e) => set(f.name, e.target.value)} className={cls + ' mt-1'}>
        <option value=""""></option>
        {f.options.map((o: string) => <option key={o} value={o}>{o}</option>)}
      </select>
    </label>
  );
  if (f.kind === 'csv') return (
    <label className=""text-sm text-muted-foreground-2 sm:col-span-2"">{f.label}
      <input value={(v as string[]).join(', ')} onChange={(e) => set(f.name, e.target.value.split(',').map((s) => s.trim()).filter(Boolean))} className={cls + ' mt-1'} />
    </label>
  );
  if (f.kind === 'cep') return (
    <label className=""text-sm text-muted-foreground-2"">{f.label}
      <div className=""flex gap-2 mt-1"">
        <input value={String(v ?? '')} onChange={(e) => set(f.name, e.target.value)} className={cls} />
        <button type=""button"" onClick={onCep} className=""px-3 py-2 text-sm rounded-lg border border-border whitespace-nowrap"">Buscar</button>
      </div>
    </label>
  );
  return (
    <label className=""text-sm text-muted-foreground-2"">{f.label}{f.required && ' *'}
      <input type={f.kind === 'text' ? 'text' : f.kind} value={String(v ?? '')} onChange={(e) => set(f.name, e.target.value)} className={cls + ' mt-1'} />
    </label>
  );
}
```

> Nota de tipos: o `Field` usa `any` para o discriminated union de conveniência; se o `tsconfig` estiver em strict e reclamar, tipar `f: StepField` e `set`/`onCep`/`onToggleSede` explicitamente. `lookupCepAction` é importado dinamicamente de `(auth)/onboarding/actions` — confirmar o nome/assinatura reais ao implementar (ver Task 6).

- [ ] **Step 2: Typecheck**

Run: `npm run typecheck`
Expected: sem erros (ajustar tipagem do `Field` se necessário).

- [ ] **Step 3: Commit**

```bash
git add ""src/components/abertura/AberturaWizard.tsx""
git commit -m ""feat(abertura): wizard data-driven de 5 etapas + uploads""
```

---"
Phase 5 — Submissão da abertura (server),todo,,,,,"### Task 10: submitAberturaAction + página do wizard

**Files:**
- Create: `src/app/(onboarding)/onboarding/abertura/actions.ts`
- Create: `src/app/(onboarding)/onboarding/abertura/page.tsx`

- [ ] **Step 1: Implementar a action de criação**

```typescript
// src/app/(onboarding)/onboarding/abertura/actions.ts
'use server';
import { redirect } from 'next/navigation';
import { revalidatePath } from 'next/cache';
import { createServerClient } from '@/lib/supabase/server';
import { AberturaCreateSchema } from '@/types/zod';
import { ABERTURA_TEXT_FIELDS, DOC_KEYS, EMPTY_ABERTURA, type AberturaData, type DocKey } from '@/types/abertura';
import { uploadAberturaDoc } from '@/lib/clients/supabase-storage';
import { canonical, dadosHash, sha256File } from '@/lib/abertura/hash';

type Result = { ok: true } | { ok: false; error: string };

function parseForm(fd: FormData): AberturaData {
  const d: AberturaData = { ...EMPTY_ABERTURA };
  for (const k of ABERTURA_TEXT_FIELDS) {
    const raw = fd.get(k);
    if (k === 'empresa_cnaes_secundarios') {
      (d as any)[k] = String(raw ?? '').split(',').map((s) => s.trim()).filter(Boolean);
    } else if (k === 'sede_mesmo_que_titular') {
      (d as any)[k] = String(raw ?? '') === 'true';
    } else {
      (d as any)[k] = String(raw ?? '');
    }
  }
  return d;
}

async function fileEntry(fd: FormData, k: DocKey): Promise<{ bytes: Buffer; ext: string; type: string } | null> {
  const f = fd.get(k);
  if (!(f instanceof File) || f.size === 0) return null;
  const bytes = Buffer.from(await f.arrayBuffer());
  const ext = (f.name.split('.').pop() || 'bin').toLowerCase();
  return { bytes, ext, type: f.type || 'application/octet-stream' };
}

export async function submitAberturaAction(fd: FormData): Promise<Result> {
  const data = parseForm(fd);
  const parsed = AberturaCreateSchema.safeParse(data);
  if (!parsed.success) return { ok: false, error: parsed.error.errors[0]?.message ?? 'Dados inválidos.' };

  const supabase = await createServerClient();
  const { data: { user } } = await supabase.auth.getUser();
  if (!user) return { ok: false, error: 'Sessão expirada.' };

  // Pré-checa CPF (coluna UNIQUE)
  const { data: existing } = await supabase
    .from('abertura_empresas').select('id').eq('titular_cpf', data.titular_cpf).maybeSingle();
  if (existing) return { ok: false, error: 'Já existe uma solicitação de abertura para este CPF.' };

  // 1) stub em companies
  const { data: stub, error: stubErr } = await supabase.from('companies').insert({
    user_id: user.id, status: 'em_abertura', cnpj: null,
    razao_social: data.empresa_razao_social_1,
    nome: data.empresa_nome_fantasia || data.empresa_razao_social_1,
  }).select('id').single();
  if (stubErr || !stub) return { ok: false, error: 'Falha ao iniciar a empresa.' };

  // 2) profiles.current_company
  const { data: prof } = await supabase.from('profiles').select('id').eq('user_id', user.id).maybeSingle();
  if (prof) await supabase.from('profiles').update({ current_company: stub.id }).eq('user_id', user.id);
  else await supabase.from('profiles').insert({ user_id: user.id, current_company: stub.id });

  // 3) uploads + content-hash
  const docPaths: Partial<Record<DocKey, string>> = {};
  const docHashes: Partial<Record<DocKey, string>> = {};
  for (const k of DOC_KEYS) {
    const entry = await fileEntry(fd, k);
    if (!entry) continue;
    const { path } = await uploadAberturaDoc(stub.id, `${k}.${entry.ext}`, entry.bytes, entry.type);
    docPaths[k] = path; docHashes[k] = sha256File(entry.bytes);
  }

  // 4) insert abertura_empresas
  const hash = dadosHash(canonical(data, docHashes));
  const row: Record<string, unknown> = { user_id: user.id, company_id: stub.id, processo_etapa: 'recebido', dados_hash: hash };
  for (const k of ABERTURA_TEXT_FIELDS) row[k] = (data as any)[k];
  for (const k of DOC_KEYS) if (docPaths[k]) row[k] = docPaths[k];

  const { error: insErr } = await supabase.from('abertura_empresas').insert(row);
  if (insErr) {
    // rollback best-effort
    await supabase.from('profiles').update({ current_company: null }).eq('user_id', user.id);
    await supabase.from('companies').delete().eq('id', stub.id);
    return { ok: false, error: 'Falha ao registrar a solicitação. Tente novamente.' };
  }

  revalidatePath('/');
  redirect('/configuracoes');
}
```

- [ ] **Step 2: Criar a página do wizard**

```tsx
// src/app/(onboarding)/onboarding/abertura/page.tsx
import AberturaWizard from '@/components/abertura/AberturaWizard';
import { submitAberturaAction } from './actions';

export default function AberturaPage() {
  return <AberturaWizard mode=""criar"" action={submitAberturaAction} />;
}
```

- [ ] **Step 3: Typecheck**

Run: `npm run typecheck`
Expected: sem erros.

- [ ] **Step 4: Verificação manual (precisa do bucket + migration aplicados)**

Run: dev. `/onboarding` → ""Quero abrir"" → preencher etapas → ""Enviar"" → popup → Confirmar. Esperar: redireciona p/ `/configuracoes`; conferir no Supabase: linha em `companies` (`status=em_abertura`), `abertura_empresas` (`processo_etapa=recebido`, `dados_hash` preenchido), docs no bucket.

- [ ] **Step 5: Commit**

```bash
git add ""src/app/(onboarding)/onboarding/abertura/actions.ts"" ""src/app/(onboarding)/onboarding/abertura/page.tsx""
git commit -m ""feat(abertura): submitAberturaAction (stub + uploads + hash) e página do wizard""
```

---"
Phase 6 — Configurações: visão read-only,todo,,,,,"### Task 11: Leitura da abertura (server query)

**Files:**
- Create: `src/lib/abertura/queries.ts`

- [ ] **Step 1: Implementar a query**

```typescript
// src/lib/abertura/queries.ts
import 'server-only';
import type { SupabaseClient } from '@supabase/supabase-js';

export async function getAberturaByCompany(supabase: SupabaseClient, companyId: string) {
  const { data } = await supabase.from('abertura_empresas').select('*').eq('company_id', companyId).maybeSingle();
  return data ?? null;
}
```

- [ ] **Step 2: Typecheck + commit**

```bash
npm run typecheck
git add src/lib/abertura/queries.ts
git commit -m ""feat(abertura): query getAberturaByCompany""
```

### Task 12: AberturaInfoView (read-only + status + botão)

**Files:**
- Create: `src/app/(auth)/configuracoes/AberturaInfoView.tsx`

- [ ] **Step 1: Implementar a view**

```tsx
// src/app/(auth)/configuracoes/AberturaInfoView.tsx
'use client';
import { useRouter } from 'next/navigation';

const ETAPAS = ['recebido','em_analise','pendente_documentos','enviado_receita','enviado_junta','enviado_prefeitura','concluido'] as const;
const ETAPA_LABEL: Record<string, string> = {
  recebido: 'Recebido', em_analise: 'Em análise', pendente_documentos: 'Documentos pendentes',
  enviado_receita: 'Enviado à Receita', enviado_junta: 'Na Junta Comercial',
  enviado_prefeitura: 'Na Prefeitura', concluido: 'Concluído', cancelado: 'Cancelado',
};

export default function AberturaInfoView({ abertura }: { abertura: Record<string, any> }) {
  const router = useRouter();
  const etapa = String(abertura.processo_etapa ?? 'recebido');
  const idx = ETAPAS.indexOf(etapa as any);

  const row = (label: string, value: unknown) => (
    <div className=""flex flex-col"">
      <span className=""text-xs text-muted-foreground"">{label}</span>
      <span className=""text-sm text-foreground"">{value ? String(value) : '—'}</span>
    </div>
  );

  return (
    <div className=""space-y-8"">
      <section>
        <h2 className=""text-sm font-medium text-foreground mb-3"">Status da abertura</h2>
        {etapa === 'cancelado' ? (
          <p className=""text-sm text-destructive"">Solicitação cancelada.</p>
        ) : (
          <ol className=""flex flex-wrap gap-2"">
            {ETAPAS.map((e, i) => (
              <li key={e} className={`text-xs px-2 py-1 rounded-full border ${i <= idx ? 'bg-primary/10 border-primary text-primary' : 'border-border text-muted-foreground'}`}>
                {ETAPA_LABEL[e]}
              </li>
            ))}
          </ol>
        )}
        {abertura.processo_protocolo && <p className=""text-xs text-muted-foreground mt-2"">Protocolo: {abertura.processo_protocolo}</p>}
        {abertura.processo_observacoes && <p className=""text-xs text-muted-foreground mt-1"">Obs.: {abertura.processo_observacoes}</p>}
        {abertura.processo_cnpj_emitido && <p className=""text-xs text-foreground mt-1"">CNPJ emitido: {abertura.processo_cnpj_emitido}</p>}
      </section>

      <section>
        <h2 className=""text-sm font-medium text-foreground mb-3"">Dados enviados</h2>
        <div className=""grid sm:grid-cols-2 gap-4"">
          {row('Titular', abertura.titular_nome_completo)}
          {row('CPF', abertura.titular_cpf)}
          {row('Telefone', abertura.titular_telefone)}
          {row('E-mail', abertura.titular_email)}
          {row('Razão social (1)', abertura.empresa_razao_social_1)}
          {row('Nome fantasia', abertura.empresa_nome_fantasia)}
          {row('Tipo', abertura.empresa_tipo)}
          {row('Regime', abertura.empresa_regime_tributario)}
          {row('Capital social', abertura.empresa_capital_social)}
          {row('CNAE principal', abertura.empresa_cnae_principal)}
        </div>
      </section>

      <div>
        <button type=""button"" onClick={() => router.push('/onboarding/abertura?modo=alteracao')}
          className=""px-4 py-2 text-sm rounded-lg border border-border text-foreground hover:bg-surface-2"">
          Solicitar alteração de dados
        </button>
      </div>
    </div>
  );
}
```

- [ ] **Step 2: Typecheck + commit**

```bash
npm run typecheck
git add ""src/app/(auth)/configuracoes/AberturaInfoView.tsx""
git commit -m ""feat(config): visão read-only de empresa em abertura + status""
```

### Task 13: Ramo em configuracoes/page.tsx

**Files:**
- Modify: `src/app/(auth)/configuracoes/page.tsx`

- [ ] **Step 1: Adicionar o ramo `status==='em_abertura'`**

Após carregar `company`, antes de renderizar as abas. Ler o trecho atual e inserir:

```tsx
// imports no topo
import { getAberturaByCompany } from '@/lib/abertura/queries';
import AberturaInfoView from './AberturaInfoView';

// dentro do componente, após obter `company` (e `supabase`):
if (company && (company as any).status === 'em_abertura') {
  const abertura = await getAberturaByCompany(supabase, (company as any).id);
  return (
    <main className=""max-w-3xl mx-auto px-6 py-8"">
      <h1 className=""text-lg font-semibold text-foreground mb-1"">Informações da empresa</h1>
      <p className=""text-sm text-muted-foreground mb-6"">Empresa em processo de abertura.</p>
      {abertura ? <AberturaInfoView abertura={abertura} /> : <p className=""text-sm text-muted-foreground"">Solicitação não encontrada.</p>}
    </main>
  );
}
```

> Conferir, ao ler o arquivo, que `supabase` está no escopo onde o ramo é inserido (a página já cria o client). Inserir o ramo onde `company` já é conhecido e ANTES da `<nav>` das abas.

- [ ] **Step 2: Verificação manual**

Run: dev. Com a empresa em abertura como `current_company`, abrir `/configuracoes`: deve mostrar só ""Informações da empresa"" + status, sem as 4 abas, com o botão ""Solicitar alteração de dados"". Empresa normal: 4 abas intactas.

- [ ] **Step 3: Commit**

```bash
git add ""src/app/(auth)/configuracoes/page.tsx""
git commit -m ""feat(config): renderiza visão de abertura quando status=em_abertura""
```

---"
Phase 7 — Solicitação de alteração,todo,,,,,"### Task 14: Loader da alteração + modo alteração na página

**Files:**
- Modify: `src/app/(onboarding)/onboarding/abertura/page.tsx`
- Modify: `src/app/(onboarding)/onboarding/abertura/actions.ts` (adicionar loader + `solicitarAlteracaoAction`)

- [ ] **Step 1: Adicionar loader (server) que monta AberturaData a partir da abertura atual**

Adicionar em `actions.ts`:

```typescript
import { ABERTURA_TEXT_FIELDS as TEXT_FIELDS } from '@/types/abertura';

export async function loadAberturaAtual(): Promise<{ data: AberturaData; docs: Partial<Record<DocKey, string>>; aberturaId: string } | null> {
  const supabase = await createServerClient();
  const { data: { user } } = await supabase.auth.getUser();
  if (!user) return null;
  const { data: prof } = await supabase.from('profiles').select('current_company').eq('user_id', user.id).maybeSingle();
  if (!prof?.current_company) return null;
  const { data: ab } = await supabase.from('abertura_empresas').select('*').eq('company_id', prof.current_company).maybeSingle();
  if (!ab) return null;
  const data: AberturaData = { ...EMPTY_ABERTURA };
  for (const k of TEXT_FIELDS) {
    if (k === 'empresa_cnaes_secundarios') (data as any)[k] = (ab as any)[k] ?? [];
    else if (k === 'sede_mesmo_que_titular') (data as any)[k] = !!(ab as any)[k];
    else (data as any)[k] = (ab as any)[k] ?? '';
  }
  const docs: Partial<Record<DocKey, string>> = {};
  for (const k of DOC_KEYS) if ((ab as any)[k]) docs[k] = (ab as any)[k];
  return { data, docs, aberturaId: (ab as any).id };
}
```

- [ ] **Step 2: Atualizar a página para suportar `?modo=alteracao`**

```tsx
// src/app/(onboarding)/onboarding/abertura/page.tsx
import AberturaWizard from '@/components/abertura/AberturaWizard';
import { submitAberturaAction, solicitarAlteracaoAction, loadAberturaAtual } from './actions';

export default async function AberturaPage({ searchParams }: { searchParams: Promise<{ modo?: string }> }) {
  const { modo } = await searchParams;
  if (modo === 'alteracao') {
    const atual = await loadAberturaAtual();
    if (!atual) return <p className=""text-sm text-muted-foreground"">Nenhuma solicitação de abertura encontrada.</p>;
    return <AberturaWizard mode=""alterar"" initial={atual.data} existingDocs={atual.docs} action={solicitarAlteracaoAction} />;
  }
  return <AberturaWizard mode=""criar"" action={submitAberturaAction} />;
}
```

- [ ] **Step 3: Typecheck + commit**

```bash
npm run typecheck
git add ""src/app/(onboarding)/onboarding/abertura/page.tsx"" ""src/app/(onboarding)/onboarding/abertura/actions.ts""
git commit -m ""feat(alteracao): loader da abertura atual + modo alteração no wizard""
```

### Task 15: solicitarAlteracaoAction (hash compare + abertura_alteracoes)

**Files:**
- Modify: `src/app/(onboarding)/onboarding/abertura/actions.ts`

- [ ] **Step 1: Implementar a action**

```typescript
import { ABERTURA_BUCKET, downloadFromBucket } from '@/lib/clients/supabase-storage';

export async function solicitarAlteracaoAction(fd: FormData): Promise<Result> {
  const data = parseForm(fd);
  const parsed = AberturaCreateSchema.safeParse(data);
  if (!parsed.success) return { ok: false, error: parsed.error.errors[0]?.message ?? 'Dados inválidos.' };

  const supabase = await createServerClient();
  const { data: { user } } = await supabase.auth.getUser();
  if (!user) return { ok: false, error: 'Sessão expirada.' };
  const { data: prof } = await supabase.from('profiles').select('current_company').eq('user_id', user.id).maybeSingle();
  if (!prof?.current_company) return { ok: false, error: 'Empresa não encontrada.' };
  const { data: ab } = await supabase.from('abertura_empresas').select('*').eq('company_id', prof.current_company).maybeSingle();
  if (!ab) return { ok: false, error: 'Solicitação de abertura não encontrada.' };

  const aberturaId = (ab as any).id as string;

  // content-hash dos docs: novos enviados vs. atuais (lidos do Storage)
  const newDocHashes: Partial<Record<DocKey, string>> = {};
  const newDocBytes: Partial<Record<DocKey, { bytes: Buffer; ext: string; type: string }>> = {};
  const proposedPaths: Partial<Record<DocKey, string>> = {};
  for (const k of DOC_KEYS) {
    const entry = await fileEntry(fd, k);
    if (entry) {
      newDocHashes[k] = sha256File(entry.bytes);
      newDocBytes[k] = entry;
    } else if ((ab as any)[k]) {
      // doc mantido: baixa o atual e hasheia (para comparação justa)
      const bytes = await downloadFromBucket(ABERTURA_BUCKET, (ab as any)[k]);
      newDocHashes[k] = sha256File(bytes);
      proposedPaths[k] = (ab as any)[k];
    }
  }

  // hash novo vs base
  const novoHash = dadosHash(canonical(data, newDocHashes));
  const baseHash = String((ab as any).dados_hash ?? '');
  if (baseHash && novoHash === baseHash) {
    return { ok: false, error: 'Nenhuma alteração detectada.' };
  }

  // sobe os docs alterados em alteracoes/<uuid>
  const alteracaoId = crypto.randomUUID();
  for (const k of DOC_KEYS) {
    const entry = newDocBytes[k];
    if (!entry) continue;
    const { path } = await uploadAberturaDoc(`${aberturaId}/alteracoes/${alteracaoId}`, `${k}.${entry.ext}`, entry.bytes, entry.type);
    proposedPaths[k] = path;
  }

  // raw_json com as mesmas chaves das colunas
  const dados: Record<string, unknown> = {};
  for (const k of ABERTURA_TEXT_FIELDS) dados[k] = (data as any)[k];
  for (const k of DOC_KEYS) if (proposedPaths[k]) dados[k] = proposedPaths[k];

  const { error: insErr } = await supabase.from('abertura_alteracoes').insert({
    abertura_id: aberturaId, user_id: user.id, dados, dados_hash: novoHash, status: 'pendente',
  });
  if (insErr) return { ok: false, error: 'Falha ao registrar a solicitação de alteração.' };

  revalidatePath('/configuracoes');
  redirect('/configuracoes?alteracao=enviada');
}
```

> `crypto.randomUUID()` está disponível no runtime Node do Next (server action). Se o lint exigir import, usar `import { randomUUID } from 'node:crypto'`.

- [ ] **Step 2: Typecheck**

Run: `npm run typecheck`
Expected: sem erros.

- [ ] **Step 3: Verificação manual**

Run: dev (bucket + migration aplicados). Em `/configuracoes` (empresa em abertura) → ""Solicitar alteração de dados"" → wizard pré-preenchido.
- Enviar **sem mudar nada** → erro ""Nenhuma alteração detectada.""
- Mudar um campo e/ou trocar um documento → cria linha em `abertura_alteracoes` (status `pendente`, `dados` com chaves corretas, `dados_hash` ≠ base). Conferir no Supabase.

- [ ] **Step 4: Commit**

```bash
git add ""src/app/(onboarding)/onboarding/abertura/actions.ts""
git commit -m ""feat(alteracao): solicitarAlteracaoAction com hash-compare e upload de docs""
```

### Task 16: Feedback de ""alteração enviada"" em Configurações

**Files:**
- Modify: `src/app/(auth)/configuracoes/page.tsx`

- [ ] **Step 1: Mostrar aviso quando `?alteracao=enviada`**

No ramo `em_abertura`, ler `searchParams` e exibir um banner de sucesso quando presente:

```tsx
// na assinatura da page, garantir acesso a searchParams (a página já usa pra ?tab=)
const alteracaoEnviada = sp?.alteracao === 'enviada';
// ...dentro do ramo em_abertura, acima de <AberturaInfoView>:
{alteracaoEnviada && (
  <p className=""mb-4 text-sm text-primary bg-primary/10 border border-primary/30 rounded-md px-3 py-2"">
    Solicitação de alteração enviada. Você será avisado quando for analisada.
  </p>
)}
```

> Conferir o nome real da variável de `searchParams` no arquivo (o relatório indica que a página já lê `?tab=`). Reusar a mesma fonte.

- [ ] **Step 2: Verificação manual + commit**

Run: dev. Após enviar uma alteração, a URL `/configuracoes?alteracao=enviada` mostra o banner.

```bash
git add ""src/app/(auth)/configuracoes/page.tsx""
git commit -m ""feat(config): banner de confirmação de alteração enviada""
```

---"
Phase 8 — Verificação fim-a-fim,todo,,,,,"### Task 17: Smoke e2e e checagem final

**Files:**
- (Opcional) Modify: `tests/smoke.spec.ts` — adicionar passo de redirect p/ `/onboarding`.

- [ ] **Step 1: Typecheck + unit completos**

Run: `npm run typecheck && npx vitest run`
Expected: tudo verde (incl. `hash.test.ts` e `zod.test.ts`).

- [ ] **Step 2: Roteiro manual completo** (com bucket + migration aplicados)

1. User novo → login → redireciona p/ `/onboarding`.
2. ""Quero abrir"" → wizard 5 etapas → popup confirma → `/configuracoes` mostra status + dados, sem abas fiscais.
3. ""Solicitar alteração"" sem mudança → ""Nenhuma alteração detectada"".
4. Alteração com mudança → `abertura_alteracoes` criada; banner ""enviada"".
5. ""Já tenho empresa"" (outro user) → fluxo antigo cria empresa ativa com 4 abas.

- [ ] **Step 3: Commit (se houve ajuste de smoke)**

```bash
git add tests/smoke.spec.ts
git commit -m ""test(abertura): smoke do redirect de onboarding""
```

---"
